{
  "version": 0.3,
  "useExternal": false,
  "data": {
    "partName": "ktank",
    "author": "JiMKesa",
    "category": "FuelTank",
    "family": "",
    "childStageOffset": 0,
    "cost": 100,
    "crewCapacity": 0,
    "stageOffset": 0,
    "isCompound": false,
    "sizeCategory": "Auto",
    "stageType": "None",
    "resourceCosts": [],
    "tags": "",
    "stagingIconAssetAddress": "",
    "PartSizeDiameter": 0.0,
    "angularDrag": 1.0,
    "breakingForce": 200.0,
    "breakingTorque": 200.0,
    "buoyancy": 1.0,
    "buoyancyUseSine": true,
    "coLiftOffset": {
      "x": 0.0,
      "y": 0.0,
      "z": 0.0
    },
    "coMassOffset": {
      "x": 0.0,
      "y": 0.0,
      "z": 0.0
    },
    "coPressureOffset": {
      "x": 0.0,
      "y": 0.0,
      "z": 0.0
    },
    "coBuoyancy": {
      "x": 0.0,
      "y": 0.0,
      "z": 0.0
    },
    "coDisplacement": {
      "x": 0.0,
      "y": 0.0,
      "z": 0.0
    },
    "crashTolerance": 10.0,
    "explosionPotential": 0.5,
    "fuelCrossFeed": true,
    "heatConductivity": 0.12,
    "mass": 0.0,
    "maxTemp": 2000.0,
    "attachRules": {
      "stack": true,
      "srfAttach": true,
      "allowStack": true,
      "allowSrfAttach": true,
      "allowCollision": false,
      "allowDock": false,
      "allowRotate": false,
      "allowRoot": false
    },
    "attachNodes": [
      {
        "nodeID": "top",
        "NodeSymmetryGroupID": "",
        "nodeType": "Stack",
        "attachMethod": "FIXED_JOINT",
        "IsMultiJoint": false,
        "MultiJointMaxJoint": 0,
        "MultiJointRadiusOffset": 0.0,
        "MultiJointOnSingleAxis": false,
        "SingleJointAxis": "X",
        "MultiJointFullBreakStrength": false,
        "position": {
          "x": 0.0,
          "y": 0.0,
          "z": 0.0
        },
        "orientation": {
          "x": 0.0,
          "y": 1.0,
          "z": 0.0
        },
        "size": 0,
        "visualSize": 0.0,
        "isResourceCrossfeed": true,
        "isRigid": false,
        "angularStrengthMultiplier": 0.0,
        "contactArea": 0.0,
        "overrideDragArea": 0.0,
        "isCompoundJoint": false
      },
      {
        "nodeID": "bottom",
        "NodeSymmetryGroupID": "",
        "nodeType": "Stack",
        "attachMethod": "FIXED_JOINT",
        "IsMultiJoint": false,
        "MultiJointMaxJoint": 0,
        "MultiJointRadiusOffset": 0.0,
        "MultiJointOnSingleAxis": false,
        "SingleJointAxis": "X",
        "MultiJointFullBreakStrength": false,
        "position": {
          "x": 0.0,
          "y": -3.2,
          "z": 0.0
        },
        "orientation": {
          "x": 0.0,
          "y": -1.0,
          "z": 0.0
        },
        "size": 0,
        "visualSize": 0.0,
        "isResourceCrossfeed": true,
        "isRigid": false,
        "angularStrengthMultiplier": 0.0,
        "contactArea": 0.0,
        "overrideDragArea": 0.0,
        "isCompoundJoint": false
      },
      {
        "nodeID": "srfAttach",
        "NodeSymmetryGroupID": "",
        "nodeType": "Surface",
        "attachMethod": "HINGE_JOINT",
        "IsMultiJoint": false,
        "MultiJointMaxJoint": 0,
        "MultiJointRadiusOffset": 0.0,
        "MultiJointOnSingleAxis": false,
        "SingleJointAxis": "X",
        "MultiJointFullBreakStrength": false,
        "position": {
          "x": 0.0,
          "y": -1.6,
          "z": -5.0
        },
        "orientation": {
          "x": 0.0,
          "y": 0.0,
          "z": -1.0
        },
        "size": 0,
        "visualSize": 0.0,
        "isResourceCrossfeed": true,
        "isRigid": false,
        "angularStrengthMultiplier": 0.0,
        "contactArea": 0.0,
        "overrideDragArea": 0.0,
        "isCompoundJoint": false
      }
    ],
    "resourceContainers": [
      {
        "name": "Methalox",
        "capacityUnits": 0.1,
        "initialUnits": 0.1,
        "NonStageable": false
      }
    ],
    "AllowKinematicPhysicsIfIntersectTerrain": false,
    "serializedPartModules": [
      {
        "Name": "PartComponentModule_Color",
        "ComponentType": "KSP.Sim.impl.PartComponentModule_Color, Assembly-CSharp, Version=0.0.0.0, Culture=neutral, PublicKeyToken=null",
        "BehaviourType": "KSP.Modules.Module_Color, Assembly-CSharp, Version=0.0.0.0, Culture=neutral, PublicKeyToken=null",
        "ModuleData": [
          {
            "Name": "Data_Color",
            "ModuleType": "KSP.Modules.Module_Color, Assembly-CSharp, Version=0.0.0.0, Culture=neutral, PublicKeyToken=null",
            "DataType": "KSP.Modules.Data_Color, Assembly-CSharp, Version=0.0.0.0, Culture=neutral, PublicKeyToken=null",
            "Data": null,
            "DataObject": {
              "$type": "KSP.Modules.Data_Color, Assembly-CSharp",
              "Base": {
                "ContextKey": "Base",
                "storedValue": {
                  "r": 0.654902,
                  "g": 0.6666667,
                  "b": 0.6862745,
                  "a": 1.0
                }
              },
              "Accent": {
                "ContextKey": "Accent",
                "storedValue": {
                  "r": 0.4117647,
                  "g": 0.443137258,
                  "b": 0.5176471,
                  "a": 1.0
                }
              },
              "ModuleType": "KSP.Modules.Module_Color, Assembly-CSharp, Version=0.0.0.0, Culture=neutral, PublicKeyToken=null",
              "DataType": "KSP.Modules.Data_Color, Assembly-CSharp, Version=0.0.0.0, Culture=neutral, PublicKeyToken=null",
              "IsActiveInStagingProp": {
                "ContextKey": null,
                "storedValue": false
              }
            }
          }
        ]
      },
      {
        "Name": "PartComponentModule_Drag",
        "ComponentType": "KSP.Sim.impl.PartComponentModule_Drag, Assembly-CSharp, Version=0.0.0.0, Culture=neutral, PublicKeyToken=null",
        "BehaviourType": "KSP.Modules.Module_Drag, Assembly-CSharp, Version=0.0.0.0, Culture=neutral, PublicKeyToken=null",
        "ModuleData": [
          {
            "Name": "Data_Drag",
            "ModuleType": "KSP.Modules.Module_Drag, Assembly-CSharp, Version=0.0.0.0, Culture=neutral, PublicKeyToken=null",
            "DataType": "KSP.Modules.Data_Drag, Assembly-CSharp, Version=0.0.0.0, Culture=neutral, PublicKeyToken=null",
            "Data": null,
            "DataObject": {
              "$type": "KSP.Modules.Data_Drag, Assembly-CSharp",
              "BodyLiftEnabled": true,
              "DragEnabled": true,
              "bodyLiftMultiplier": 1.0,
              "cubes": [],
              "weightedArea": [
                0.0,
                0.0,
                0.0,
                0.0,
                0.0,
                0.0
              ],
              "weightedExposedArea": [
                0.0,
                0.0,
                0.0,
                0.0,
                0.0,
                0.0
              ],
              "weightedDrag": [
                0.0,
                0.0,
                0.0,
                0.0,
                0.0,
                0.0
              ],
              "weightedDragMultiplier": [
                0.0,
                0.0,
                0.0,
                0.0,
                0.0,
                0.0
              ],
              "weightedDepth": [
                0.0,
                0.0,
                0.0,
                0.0,
                0.0,
                0.0
              ],
              "weightedCenter": {
                "x": 0.0,
                "y": 0.0,
                "z": 0.0
              },
              "weightedSize": {
                "x": 0.0,
                "y": 0.0,
                "z": 0.0
              },
              "isDragCubeRotated": false,
              "dragCubeRotation": {
                "x": 0.0,
                "y": 0.0,
                "z": 0.0,
                "w": 1.0
              },
              "UpdateExposedArea": false,
              "ModuleType": "KSP.Modules.Module_Drag, Assembly-CSharp, Version=0.0.0.0, Culture=neutral, PublicKeyToken=null",
              "DataType": "KSP.Modules.Data_Drag, Assembly-CSharp, Version=0.0.0.0, Culture=neutral, PublicKeyToken=null",
              "IsActiveInStagingProp": {
                "ContextKey": null,
                "storedValue": false
              }
            }
          }
        ]
      },
      {
        "Name": "PartComponentModule_ResourceCapacities",
        "ComponentType": "KSP.Sim.impl.PartComponentModule_ResourceCapacities, Assembly-CSharp, Version=0.0.0.0, Culture=neutral, PublicKeyToken=null",
        "BehaviourType": "KSP.Modules.Module_ResourceCapacities, Assembly-CSharp, Version=0.0.0.0, Culture=neutral, PublicKeyToken=null",
        "ModuleData": [
          {
            "Name": "Data_ResourceCapacities",
            "ModuleType": "KSP.Modules.Module_ResourceCapacities, Assembly-CSharp, Version=0.0.0.0, Culture=neutral, PublicKeyToken=null",
            "DataType": "KSP.Modules.Data_ResourceCapacities, Assembly-CSharp, Version=0.0.0.0, Culture=neutral, PublicKeyToken=null",
            "Data": null,
            "DataObject": {
              "$type": "KSP.Modules.Data_ResourceCapacities, Assembly-CSharp",
              "ModuleType": "KSP.Modules.Module_ResourceCapacities, Assembly-CSharp, Version=0.0.0.0, Culture=neutral, PublicKeyToken=null",
              "DataType": "KSP.Modules.Data_ResourceCapacities, Assembly-CSharp, Version=0.0.0.0, Culture=neutral, PublicKeyToken=null",
              "IsActiveInStagingProp": {
                "ContextKey": null,
                "storedValue": false
              }
            }
          }
        ]
      }
    ],
    "resourceSummary": {
      "Consumes": [],
      "Generates": [],
      "Contains": []
    },
    "PAMModuleSortOverride": [],
    "PAMModuleVisualsOverride": [],
    "collisionVolumeBoundsScale": {
      "x": 1.0,
      "y": 1.0,
      "z": 1.0
    },
    "emissiveConstant": 0.0,
    "maximumDrag": 0.2,
    "minimumDrag": 0.1,
    "physicsMode": "Full",
    "inverseStageCarryover": true,
    "skinMassPerArea": 4.0,
    "bodyLiftOnlyUnattachedLift": false,
    "bodyLiftOnlyAttachName": "",
    "maxLength": -1,
    "radiatorHeadroom": 0.75,
    "radiatorMax": 0.35,
    "skinMaxTemp": 800.0,
    "skinInternalConductionMult": 1.0,
    "thermalMassModifier": 1.0,
    "buoyancyUseCubeNamed": "",
    "HasReportStorage": false,
    "oabEditorCategory": "ALL",
    "partType": "Rocket",
    "PreferredOrientation": "NONE",
    "MirrorTechnique": "Auto",
    "CanSuggestOrientation": false,
    "PickUpPointOffset": {
      "x": 0.0,
      "y": 0.0,
      "z": 0.0
    },
    "PickupRotationPointOffset": {
      "x": 0.0,
      "y": 0.0,
      "z": 0.0
    },
    "Title": "ktank",
    "Subtitle": null,
    "Manufacturer": null,
    "Description": null
  },
  "modules": null,
  "legacyModules": ""
}